"","randomise_trials","display","targ","cohort","rhyme","ur","type","targ_pic","cohort_pic","rhyme_pic","ur_pic","audio"
"1",NA,"Introduction","","","","","",".jpg",".jpg",".jpg",".jpg",".wav"
"2",NA,"mouse","bath","bass","path","couch","TCRU","bath.jpg","bass.jpg","path.jpg","couch.jpg","bath.wav"
"3",NA,"mouse","beak","beet","sneak","map","TCRU","beak.jpg","beet.jpg","sneak.jpg","map.jpg","beak.wav"
"4",NA,"mouse","bear","base","pear","jet","TCRU","bear.jpg","base.jpg","pear.jpg","jet.jpg","bear.wav"
"5",NA,"mouse","boot","boom","suit","fox","TCRU","boot.jpg","boom.jpg","suit.jpg","fox.jpg","boot.wav"
"6",NA,"mouse","cage","cave","gauge","hip","TCRU","cage.jpg","cave.jpg","gauge.jpg","hip.jpg","cage.wav"
"7",NA,"mouse","coat","cone","vote","ram","TCRU","coat.jpg","cone.jpg","vote.jpg","ram.jpg","coat.wav"
"8",NA,"mouse","crown","crowd","drown","soup","TCRU","crown.jpg","crowd.jpg","drown.jpg","soup.jpg","crown.wav"
"9",NA,"mouse","dent","desk","tent","brush","TCRU","dent.jpg","desk.jpg","tent.jpg","brush.jpg","dent.wav"
"10",NA,"mouse","gum","gut","drum","whale","TCRU","gum.jpg","gut.jpg","drum.jpg","whale.jpg","gum.wav"
"11",NA,"mouse","hole","hose","goal","cap","TCRU","hole.jpg","hose.jpg","goal.jpg","cap.jpg","hole.wav"
"12",NA,"mouse","horn","horse","corn","bib","TCRU","horn.jpg","horse.jpg","corn.jpg","bib.jpg","horn.wav"
"13",NA,"mouse","lab","lamb","crab","tire","TCRU","lab.jpg","lamb.jpg","crab.jpg","tire.jpg","lab.wav"
"14",NA,"mouse","lips","list","chips","tape","TCRU","lips.jpg","list.jpg","chips.jpg","tape.jpg","lips.wav"
"15",NA,"mouse","mouse","mouth","house","chain","TCRU","mouse.jpg","mouth.jpg","house.jpg","chain.jpg","mouse.wav"
"16",NA,"mouse","mug","mud","pug","cool","TCRU","mug.jpg","mud.jpg","pug.jpg","cool.jpg","mug.wav"
"17",NA,"mouse","night","knife","bite","jar","TCRU","night.jpg","knife.jpg","bite.jpg","jar.jpg","night.wav"
"18",NA,"mouse","pick","pit","kick","deer","TCRU","pick.jpg","pit.jpg","kick.jpg","deer.jpg","pick.wav"
"19",NA,"mouse","porch","port","torch","milk","TCRU","porch.jpg","port.jpg","torch.jpg","milk.jpg","porch.wav"
"20",NA,"mouse","rip","rib","ship","dog","TCRU","rip.jpg","rib.jpg","ship.jpg","dog.jpg","rip.wav"
"21",NA,"mouse","rose","robe","nose","pool","TCRU","rose.jpg","robe.jpg","nose.jpg","pool.jpg","rose.wav"
"22",NA,"mouse","sick","sip","wick","door","TCRU","sick.jpg","sip.jpg","wick.jpg","door.jpg","sick.wav"
"23",NA,"mouse","sock","sod","dock","lap","TCRU","sock.jpg","sod.jpg","dock.jpg","lap.jpg","sock.wav"
"24",NA,"mouse","throne","throat","crone","dish","TCRU","throne.jpg","throat.jpg","crone.jpg","dish.jpg","throne.wav"
"25",NA,"mouse","trap","trash","nap","fist","TCRU","trap.jpg","trash.jpg","nap.jpg","fist.jpg","trap.wav"
"26",NA,"mouse","tug","tub","rug","mic","TCRU","tug.jpg","tub.jpg","rug.jpg","mic.jpg","tug.wav"
"27",NA,"mouse","type","tile","pipe","coach","TCRU","type.jpg","tile.jpg","pipe.jpg","coach.jpg","type.wav"
"28",NA,"mouse","wheat","wheel","seat","gem","TCRU","wheat.jpg","wheel.jpg","seat.jpg","gem.jpg","wheat.wav"
"29",NA,"mouse","wig","wind","fig","buzz","TCRU","wig.jpg","wind.jpg","fig.jpg","buzz.jpg","wig.wav"
"30",NA,"mouse","yarn","yard","barn","safe","TCRU","yarn.jpg","yard.jpg","barn.jpg","safe.jpg","yarn.wav"
"31",NA,"mouse","zit","zip","sit","coal","TCRU","zit.jpg","zip.jpg","sit.jpg","coal.jpg","zit.wav"
"32",NA,"mouse","batter","baggage","ladder","peacock","TCRU","batter.jpg","baggage.jpg","ladder.jpg","peacock.jpg","batter.wav"
"33",NA,"mouse","berry","barrel","fairy","rapids","TCRU","berry.jpg","barrel.jpg","fairy.jpg","rapids.jpg","berry.wav"
"34",NA,"mouse","carrot","carriage","parrot","tadpole","TCRU","carrot.jpg","carriage.jpg","parrot.jpg","tadpole.jpg","carrot.wav"
"35",NA,"mouse","cavern","cashew","tavern","banner","TCRU","cavern.jpg","cashew.jpg","tavern.jpg","banner.jpg","cavern.wav"
"36",NA,"mouse","coffee","coffin","toffee","knuckle","TCRU","coffee.jpg","coffin.jpg","toffee.jpg","knuckle.jpg","coffee.wav"
"37",NA,"mouse","dollar","dolphin","collar","hammock","TCRU","dollar.jpg","dolphin.jpg","collar.jpg","hammock.jpg","dollar.wav"
"38",NA,"mouse","letter","lettuce","sweater","cannon","TCRU","letter.jpg","lettuce.jpg","sweater.jpg","cannon.jpg","letter.wav"
"39",NA,"mouse","money","mother","honey","beagle","TCRU","money.jpg","mother.jpg","honey.jpg","beagle.jpg","money.wav"
"40",NA,"mouse","mountain","mousetrap","fountain","target","TCRU","mountain.jpg","mousetrap.jpg","fountain.jpg","target.jpg","mountain.wav"
"41",NA,"mouse","mustard","mustache","custard","penguin","TCRU","mustard.jpg","mustache.jpg","custard.jpg","penguin.jpg","mustard.wav"
"42",NA,"mouse","paddle","package","saddle","monkey","TCRU","paddle.jpg","package.jpg","saddle.jpg","monkey.jpg","paddle.wav"
"43",NA,"mouse","pickle","picture","nickel","donkey","TCRU","pickle.jpg","picture.jpg","nickel.jpg","donkey.jpg","pickle.wav"
"44",NA,"mouse","rocket","rocker","pocket","bubble","TCRU","rocket.jpg","rocker.jpg","pocket.jpg","bubble.jpg","rocket.wav"
"45",NA,"mouse","sandal","sandwich","candle","building","TCRU","sandal.jpg","sandwich.jpg","candle.jpg","building.jpg","sandal.wav"
"46",NA,"mouse","socket","soccer","locket","filling","TCRU","socket.jpg","soccer.jpg","locket.jpg","filling.jpg","socket.wav"
"47",NA,"mouse","tailor","table","sailor","candy","TCRU","tailor.jpg","table.jpg","sailor.jpg","candy.jpg","tailor.wav"
"48",NA,"mouse","tower","towel","shower","hamster","TCRU","tower.jpg","towel.jpg","shower.jpg","hamster.jpg","tower.wav"
"49",NA,"mouse","turtle","turkey","hurdle","banjo","TCRU","turtle.jpg","turkey.jpg","hurdle.jpg","banjo.jpg","turtle.wav"
"50",NA,"mouse","wizard","whistle","lizard","bottle","TCRU","wizard.jpg","whistle.jpg","lizard.jpg","bottle.jpg","wizard.wav"
"51",NA,"mouse","dragon","dragster","wagon","peanut","TCRU","dragon.jpg","dragster.jpg","wagon.jpg","peanut.jpg","dragon.wav"
"52",NA,"mouse","funnel","fungus","tunnel","blanket","TCRU","funnel.jpg","fungus.jpg","tunnel.jpg","blanket.jpg","funnel.wav"
"53",NA,"mouse","hockey","hotdog","jockey","campus","TCRU","hockey.jpg","hotdog.jpg","jockey.jpg","campus.jpg","hockey.wav"
"54",NA,"mouse","windmill","window","treadmill","badger","TCRU","windmill.jpg","window.jpg","treadmill.jpg","badger.jpg","windmill.wav"
"55",NA,"mouse","robber","robin","bobber","necklace","TCRU","robber.jpg","robin.jpg","bobber.jpg","necklace.jpg","robber.wav"
"56",NA,"mouse","magnet","magic","bonnet","camera","TCRU","magnet.jpg","magic.jpg","bonnet.jpg","camera.jpg","magnet.wav"
"57",NA,"mouse","powder","power","chowder","billboard","TCRU","powder.jpg","power.jpg","chowder.jpg","billboard.jpg","powder.wav"
"58",NA,"mouse","pillow","pillar","willow","sunrise","TCRU","pillow.jpg","pillar.jpg","willow.jpg","sunrise.jpg","pillow.wav"
"59",NA,"mouse","beaver","beehive","cleaver","children","TCRU","beaver.jpg","beehive.jpg","cleaver.jpg","children.jpg","beaver.wav"
"60",NA,"mouse","castle","cabin","tassel","water","TCRU","castle.jpg","cabin.jpg","tassel.jpg","water.jpg","castle.wav"
"61",NA,"mouse","butter","button","putter","camel","TCRU","butter.jpg","button.jpg","putter.jpg","camel.jpg","butter.wav"
